{"AL": [0.47342808988764057, 0.42770224719101124, 0.025685393258426968, 0.009216853932584269, 0.006279775280898876, 0.0009662921348314606, 0.03200224719101123], "IL": [0.5054538167938931, 0.19565610687022902, 0.16286297709923664, 0.03241641221374047, 0.003061832061068702, 0.0017797709923664119, 0.060211832061068706], "AK": [0.4281555555555555, 0.03144444444444445, 0.05351111111111111, 0.04938888888888889, 0.26709999999999995, 0.012311111111111113, 0.10016666666666667], "WA": [0.575657264957265, 0.06306239316239316, 0.11648290598290598, 0.061195726495726493, 0.023644444444444444, 0.010376068376068373, 0.06422905982905983], "AZ": [0.44139274193548383, 0.07516774193548388, 0.2697983870967742, 0.018560483870967745, 0.061349193548387096, 0.004359677419354838, 0.09451854838709678], "NM": [0.26977083333333335, 0.041362499999999996, 0.44160208333333334, 0.012152083333333332, 0.14356875, 0.003347916666666667, 0.04535208333333333], "AR": [0.5896458823529412, 0.2862282352941176, 0.05307294117647057, 0.009774117647058824, 0.010172941176470588, 0.0025658823529411765, 0.019664705882352945], "CA": [0.28307029548989115, 0.09408304821150856, 0.3764099533437014, 0.11225194401244168, 0.005662363919129083, 0.009393001555209954, 0.04983794712286159], "MN": [0.6659351145038168, 0.10158549618320611, 0.04655954198473282, 0.043874809160305346, 0.03032442748091603, 0.0016427480916030533, 0.05138320610687023], "CO": [0.5457836206896551, 0.07283017241379311, 0.19060431034482758, 0.034675862068965516, 0.011854310344827586, 0.004223275862068965, 0.07873275862068967], "CT": [0.5136232558139535, 0.17232093023255812, 0.19085813953488373, 0.026996511627906974, 0.002662790697674418, 0.0011755813953488374, 0.04583255813953488], "DE": [0.5115823529411765, 0.3211470588235294, 0.07402352941176471, 0.014194117647058822, 0.0025235294117647057, 0.0009058823529411765, 0.025111764705882358], "DC": [0.24560555555555552, 0.5192666666666665, 0.07501666666666666, 0.02707777777777778, 0.004272222222222222, 0.0013555555555555554, 0.05511666666666667], "VA": [0.4625351851851852, 0.3303030864197531, 0.06049506172839506, 0.043168518518518516, 0.0037499999999999994, 0.002729629629629629, 0.04385740740740741], "FL": [0.34894792746113995, 0.23935984455958548, 0.2914044041450777, 0.01514740932642487, 0.0037199481865284973, 0.0023699481865284973, 0.05263886010362694], "GA": [0.3442084848484848, 0.48739272727272726, 0.05942666666666666, 0.028148484848484853, 0.0025654545454545457, 0.0015381818181818183, 0.039538787878787875], "HI": [0.16337826086956522, 0.040404347826086956, 0.09139565217391304, 0.2986695652173913, 0.004521739130434783, 0.1361173913043478, 0.027852173913043482], "ID": [0.7554829268292682, 0.013173170731707318, 0.13913902439024387, 0.010880487804878049, 0.015204878048780486, 0.006282926829268292, 0.0276], "IN": [0.6486088000000001, 0.18779759999999998, 0.054270399999999996, 0.0119712, 0.0029088000000000004, 0.0012096, 0.050643999999999995], "TN": [0.6119417142857143, 0.25773942857142856, 0.037052, 0.013006285714285715, 0.0028405714285714284, 0.0028291428571428573, 0.03416571428571428], "MI": [0.6193217877094972, 0.21909944134078213, 0.0412413407821229, 0.015964245810055865, 0.01633687150837989, 0.0012385474860335194, 0.04777821229050279], "IA": [0.7373000000000001, 0.07543863636363636, 0.06693636363636363, 0.020256818181818185, 0.005248863636363637, 0.0027579545454545456, 0.04368068181818181], "KS": [0.6095820224719101, 0.12206404494382023, 0.10016516853932585, 0.020298876404494383, 0.024751685393258428, 0.0031303370786516854, 0.058399999999999994], "MO": [0.6946427777777777, 0.17308777777777778, 0.03405333333333333, 0.011801666666666665, 0.006512222222222221, 0.00198, 0.04409833333333333], "KY": [0.7192838383838384, 0.16367878787878787, 0.024903030303030305, 0.015783838383838383, 0.0022333333333333333, 0.001584848484848485, 0.029160606060606057], "LA": [0.4181370967741936, 0.47912499999999997, 0.03225, 0.020766935483870968, 0.005288709677419355, 0.0016193548387096774, 0.025106451612903227], "ME": [0.8282162162162162, 0.025648648648648652, 0.02663243243243243, 0.016194594594594595, 0.010267567567567566, 0.0011513513513513513, 0.0479027027027027], "MD": [0.41990555555555553, 0.37353555555555557, 0.06455888888888889, 0.04476555555555556, 0.002342222222222222, 0.003837777777777778, 0.03340888888888889], "MA": [0.5718167630057804, 0.1224514450867052, 0.12953410404624277, 0.050056069364161855, 0.0025265895953757228, 0.0010751445086705203, 0.05495028901734104], "MS": [0.402564406779661, 0.5300169491525423, 0.012774576271186439, 0.018561016949152544, 0.003915254237288135, 0.00031016949152542367, 0.014506779661016949], "MT": [0.6715300000000001, 0.012643333333333335, 0.02503333333333333, 0.007076666666666667, 0.23585666666666666, 0.00105, 0.021450000000000004], "NE": [0.7271500000000001, 0.061928000000000004, 0.08700399999999998, 0.015300000000000003, 0.04386799999999999, 0.0032719999999999997, 0.028315999999999997], "NV": [0.3787977272727272, 0.13905909090909088, 0.24871136363636373, 0.08025, 0.011647727272727275, 0.01907727272727273, 0.050620454545454545], "NH": [0.7928605263157893, 0.04243684210526316, 0.04538421052631579, 0.022994736842105262, 0.004813157894736841, 0.0010157894736842106, 0.0652342105263158], "NJ": [0.429418064516129, 0.21645096774193548, 0.2258535483870968, 0.04448451612903226, 0.0019864516129032258, 0.002330967741935484, 0.05028387096774193], "NY": [0.5435494172494173, 0.16265850815850813, 0.13498065268065268, 0.049509557109557116, 0.0038426573426573424, 0.0017405594405594403, 0.043568531468531464], "NC": [0.4752069518716578, 0.3509080213903743, 0.057163101604278066, 0.014933689839572193, 0.012788770053475935, 0.0020882352941176473, 0.04668395721925134], "ND": [0.6730931034482759, 0.04627931034482759, 0.031124137931034485, 0.006186206896551723, 0.17457241379310348, 0.0019551724137931033, 0.02260344827586207], "OH": [0.6473020588235294, 0.2231776470588235, 0.03269941176470588, 0.012832941176470589, 0.002604705882352941, 0.0016152941176470592, 0.04731088235294118], "WV": [0.8489791666666666, 0.07688472222222223, 0.015695833333333336, 0.005959722222222222, 0.002715277777777778, 0.000811111111111111, 0.02225138888888889], "OK": [0.5556492957746478, 0.12855704225352113, 0.07665, 0.014534507042253524, 0.13238028169014082, 0.002108450704225352, 0.03373591549295774], "OR": [0.6768877777777778, 0.036131111111111114, 0.12150333333333331, 0.032184444444444446, 0.01695, 0.007475555555555555, 0.05151555555555556], "PA": [0.6654692737430168, 0.16385614525139663, 0.06862234636871509, 0.023248882681564248, 0.0022717877094972066, 0.0018117318435754192, 0.03514217877094972], "RI": [0.6508478260869566, 0.06282173913043478, 0.13368695652173912, 0.03363913043478261, 0.004160869565217391, 0.0016869565217391303, 0.054208695652173906], "SC": [0.4636495145631067, 0.42299999999999993, 0.031939805825242716, 0.009052427184466019, 0.0029815533980582522, 0.0013805825242718447, 0.03974757281553398], "SD": [0.7148633333333332, 0.04452666666666667, 0.03154666666666666, 0.01596, 0.12619666666666668, 0.0013733333333333332, 0.022453333333333336], "TX": [0.29026728538283064, 0.21002691415313227, 0.3756375870069606, 0.033160788863109046, 0.004188399071925754, 0.001939675174013921, 0.04516264501160094], "UT": [0.7401813333333332, 0.022696, 0.11759333333333333, 0.029129333333333327, 0.012118666666666666, 0.009525333333333334, 0.03857466666666666], "VT": [0.7357782608695651, 0.03869130434782608, 0.04236521739130435, 0.013604347826086957, 0.006378260869565219, 0.000782608695652174, 0.07249565217391304], "WI": [0.7094140186915888, 0.10371401869158879, 0.06653364485981308, 0.02731121495327103, 0.022494392523364486, 0.0013551401869158878, 0.03385420560747664], "WY": [0.7706454545454545, 0.015990909090909094, 0.11571818181818182, 0.007536363636363636, 0.019545454545454546, 0.004209090909090909, 0.02500909090909091], "AS": [0.0023, 0.0, 0.0, 0.0078, 0.0, 0.8973, 0.0],